{"omega": 0.788671948489564, "c1": 0.7496454203262497, "c2": 0.15365220340080202, "v_coeff": 0.9517771118645584}