{"crossover_prob": 0.7595329773789643, "crossover_eta": 5, "mutation_prob": 0.06751701492505702, "mutation_eta": 28, "sampling": "FloatRandomSampling"}